name	size	color	shape	image
small red triangle	small	red	triangle	data:image/png;base64,iVBORw0KGgoAAAANSUhEUgAAAOEAAADhCAMAAAAJbSJIAAAAilBMVEX////UGBnTEBHcREXSAADUFRb++PjTCw3UAADTAAT//PzTBwnYNDXTDxD76+vbRkf54ODxubn87u70ycnlf3/hb3Drn5/ZOTrdVVbjdnfWIiPnjo/XKyzywcHuq6v75ubdWVn32Nj10NDhamrso6PmgoPbS0zxvb7qmZnfX2DXJSfniYrfZGXjeXqUney7AAAFWElEQVR4nO3dC1bqMBAGYFuaPm15iYCi8hAU1P1v7xZrvCptaZJJJuHMt4LkpMyU6U+5uiKEEEIIIYQQQgghhBBCCCGEEEIIIYRgCYch9hI0G8dj7CVotgv62EvQ6zFhySP2InQq+rmX9wvsZWi0DTzPC26wl6HPIGblDr34CXshuqST5LhBL5mk2EvR5IV9HqHH2Av2UvQId5FXiXaX2fZvA48LbrEXo8PT1P/eoT+9xGLzFnv/xW/Yy4G38tiPHTJvhb0gcLPM+ymbYS8I2jDwfouH2EuCNZpFf3YYzUbYiwL1+vcIy47xir0oSKOIneyQRZd0iPPTIywPcY69LDjju9MjLA/x7mIGGuE+q9lg2TH2l3J7etIpvq/TC+kYYc9v2KHfu4xicx83bLBs+/fYi4MwWNSVma9isxhgLw/APmncoOcle+zlqRs3lZmvYuN8xwjf6zsFF+1dLzaPzWWmEjs+Ak8PTZ2C8w9ut/2b9k/h5yfR6RH4qqVTcGzh8ECDD7nbJRN3r9OHc2WmEj9gL1RaP++0w7zv6nOM2/Nl5us6dXQEXkzPdQrOn7r50HTS9QjLjjHBXqyMVfcNllt0sGOkmy6dgss27nWMYc0AsRmLnBtopL1unYLLp651jHuRT+FR4NhAY3DdtVNw/rVTA4102+1+7af4xqXrdJ2IlJkKy1waaOzaRxf1oh32srs7O7qo585Ao9iJdQou37lye/om2im4YIu99G6eYvEyU2GOZPomcp/Cz0N04jvGgyd7hMeYjQMDjfAkdSEim9n/HeNZtsxUgmfsDZzTfXRRz/6Bxpt8manYnulb1aYuRLA7uwcaM5kb0t/szvS9qJWZSmBxCny0VOkUXLS096Fp5yF3O3tT4COmWmYqjNl6iB8wR2hvpm99gDnC8hAPa+zN1DmXuhCRvdt4e9qYz5NhY6YvFBxyt/N79h1iSz5Phn2ZvsFC7TvFX751mb53yE/hUfyOvaXf1tAbLIuNVR0DslNwdnUMySF3O5tG4Clwman4C3sOcQv/KTyyZwTeJZ8nw5pMXzoXSV2ISOZ2XKcd83kyLMn09SFGF/VyK16EcqvvCMtDtGCgUTT+5geC38MfgYONLuoFH9gbHOjdYLlF5O8Y3ZLcKpINbsxmmOtp9v8xH3WgkWrsFFzUwzzEmh+hw8P8WfuTcD5Phn+NltCQyefJiLdY1+laKAYsj0VYAw2Ax6HdZEiZvkcTZaaCM9AolIIzYnAyfcJJbhUYKfBCOp8ng8XmD3FuplNwsfGHpir5PBnGM33h0lSn4LKl2amUwU7BBUY7xkgxnyfDn5pMaAA/Du3GZKZPPZ8ngx3MjcCNl5lKsjS1wTOvK9EnMNQxRntzN6S/mXoRyjNGmanERlLgoeG7mZ/YnYm2r3nI3c7ECBwunyfDQKYv3OB0Ck7/z9pB83kydGf6RH+EDi/XnOl7xesUnN5Mn5khdzu9I/AN/hGWh7jRt0Gh15Xooy/TpyOfJ0Nfpk9LPk+GrhF4akGZqfjXeh5GSf8IHV6gZaChK58nQ0umL/3QnboQkXzAX6djo88pzmEa/tzMQOpCRASe6UMcXdSDHmgUHV+BaE7eg7091ZTkVgH7ZteBbdfoUQyZ6dOez5MB+edmQ6Af+MJiDGygke7s6hRcBPZmVyP5PBlQmT4bRhf1gAYaqfLrSvSByfStrSwzFcYgBhrG8nkyIDJ96EPuduoj8NO/E7OL+p+bWdspONWOUWT2lpkKi9QyfbV/J2YXtRehPHiRb7tIJdMXbqc9+023dvzSlBBCCCGEEEIIIYQQQgghhBBCCCGEEAf8A0UFXQ5QU7GzAAAAAElFTkSuQmCC
medium blue circle	medium	blue	circle	data:image/png;base64,iVBORw0KGgoAAAANSUhEUgAAAOEAAADhCAMAAAAJbSJIAAAAeFBMVEUAAP/////09P+Kiv/l5f/t7f8gIP8TE/9ra//g4P8tLf85Of9vb/+/v/88PP9LS//4+P90dP9BQf/S0v/X1//Fxf+rq/+QkP95ef9mZv9TU/8NDf+lpf8zM//Kyv+dnf+Cgv9HR/+6uv+ysv+np//Nzf9WVv+Li/8J2XURAAAHO0lEQVR4nO2dCZaiMBBACbu4AAKitivazv1vOCg6igYIWUxSzD9Av/rPdFJVCYmBxGI6dpot8uVqPQtcz/sxDOPH89xgtl4t80WW2o4pOAJD3J920mxj+eHWM5rxtqFvbbLUEReGIMNot4/Drdvi9oq7DeP9LhITCn9D084OR0K1OsdDZvMfs5wNzWQRz6j0KmbxIuEsydVwtLkEDHoVwWUz4hkUN0Mz3Y+Z7R6M9ym3X5KToV1MSKcVMtxJYfMJjYuhbYVtSwIdXmhxcWQ3NLMVd7sHq4x9sLIaOsVEmN+VScGaDDAaTtf8h2cdbz2VZ2ie5oL1KuYnlrFKbxhN/a/4XfGn9CkdtaHt810e2nF96nmV0nBkfVGvwqLMdKgMo4Jf+kLOuKAaqjSGo1j0BIrHi2l+xv6G5lmKXsW5/6za2zD53gyKw09EGxbs5REbQSHUcCQ2RSNj0u+/sZfh73dymC7mv6IMT7JH6IPgJMTQVGGEPpiQz6nEhqm4KpCGVcrbMKFrEIrjSLpsEBpOZQthIKwbiQyj8zfrCFLcM1GeSmSYy8lDu/ByTobm9yslUiyCKbXbUGFBIsVuw6Vsi1aWzIam2oKlYtev2GGo9BCt6BqoHYbqC5aKDIZRLjt6IvLWdbHV8KzmOviOd6Y1nKqYyeBw2xK4FsNEduA9aEnDmw1T1aqJNo7NxVSjoalWPdjFqnHNaDRUqaInYdLX8CQ74t409W4aDH9VaTqREzR04PCGIzXahv2Y4/uoeEPd/gkr8P+KWMNCdqyUYBv+OMNEv3/CigC38GMMTbm7Syz4mFURYyhzf5AVTA7+aTiSHSUTn/Pph2EUyw6SifijVvwwLPSoCZvwPubTd8ORjFMWPBm/j9N3Qx0aM+28t23eDG3Z8XHAbjOM9F0Kn/hRi6E2nZk23ro2NUONs5lX6plNzVC/shfPqdFQx6oQx7zJUMWtbDqmeENnLTswbqwdrKHm+dorr7nb01CpE0GsvJwoehpmsqPiSoYx1KvH3cXq0xBCRvqK/WGof1FRx3o3tEPZIXEmtN8MAS0VFf8WDAPgUlHxWDDuhimEsqmOm9YM97LjEcC+Zqh7/wnH+NVQ7y5wE6MXw43sYISweRqaF9nBCOFi/jPUdjutnWqz7Wa4kB2LIBYPQ1PvzZhmYvNuaLPcRqIyM/tuCKv2fSW7Gx5kByKMw91QpyN6/ThWhpHsOAQS3Qx3ssMQyO5mCLGueLC/GUJdDa/EV0MHWofmldApDdOt7DAEsk1LwwxeA+OJm5WGMGvDB5vSEForuI6FDCB79034pgF6Kr1OpoYNeSotJ1PbSKG18+t4qQG3OKzIDKg9mgcLQ4+PKOnJDdW/ZGZlacDavv9kZcA5JoRnbUDtJD6YGTAb+k8CA3LtdMU1YKc0ZVIzAMMf2SEIBrrff2AAfZz+DGAuhW8IP6eBn5fCry3g14fwa3z4fRr4vTb4/VL4PW/4+xbw957g7x/C3wNGf2QHIZQ/gziLAf88DfwzUaAn09u5NvhnEwdwvhT+GWH457zhn9VHB9mBCOMwmG9m4H/3BP/bNfjfHw7gG1L43wEDrRFfvuUewPf48O9UAFlf1O/FgH+3Cfz7aeDfMTSAe6LAfeD1cdfXAO5rg3/nHrA6GHdvIqgFA3v3JaQFA39/6QDuoIV/j/AA7oIewH3eQPb0W+5kh3+v/gDeRgCRnba+bwGhxOh4o2QA78zonrt1vxU0gPeeNO8OE7zZNYB313TObAjfztN3s430/cMBvGE5gHdIB/CWLPz3gHUshnu+6azfv2Lvd7kH8LY6SnU60HdMGz2aDVEiO+we4Jb6bkN9ujZvnRlyQ3TWo1b0MPk2oWGkx+eX+UdNSGyoR9vmvTHTz9BUX9FqXCeIDJGp+pfQyw7BTkOE1FZcdsbfbaj0QO0aokSGKisSCJIYIpSruS56OUnwRIbRWcXsxj23roO9DNXcAG9L1fobokS1SuPYkmxTGaJUrXpx1Vwu0RqqdaJoQjCJ9jZE6KRKeypo6smwGqJfNZqM84auGgdDNFJhpE7wfVE+hggVskdqgG3dczREidydKZ90kaA3RKbM/cUz+RxKb1j+N8Zy8lQv7vcfSG+IokLGiY1xQZSHcjEsf8bvV1QWzQ9Ib4iQ7X+z3nB9uzskzoYomn5vVvWnVAOU0bCcVU/fyXHmp/4zKB/Dkula9LTqrQnrQEGGyCnEJnKTwukOQqhhOVYzcZXjKmMZn7wMS2wr5D9YvdCinj9f4WJYOhYTvouHOym4+HEzLAdruueX6Iz3KfvwvMPN8Mpoc2EvroLLhjJ7wcPVsPwlk0XMclPKLF4k3H69Cs6GJaadHehaj8dDZnPWQyIMb0S7fRxuSScfdxvG+x19YtaKIMMrTpptLD/cti0k3jb0rU2Wsi7rLQg0vGE6dpot8uVqPQtcz7u+xPDjeW4wW6+W+SJLbYf/uKzzF69mX83YQG7EAAAAAElFTkSuQmCC
medium green square	medium	green	square	data:image/png;base64,iVBORw0KGgoAAAANSUhEUgAAAOEAAADhCAMAAAAJbSJIAAAAbFBMVEUAgAD///8AfAAAdwAAeQAAeAAAfQAFggX9//3g7OCLuIsojyjo8uiqy6odhh35/flJl0lqqWoAcwDc69yAtICy0bJdo10AcAAcihw/mD/s9OxQm1B0r3SIuYi41bgmiiZ4sHiZw5nI3sjA2sDACZpCAAADKElEQVR4nO3a2XKiQBSA4d5YIxjEJe7RvP87DmoSFdE4M6Fajv93m5vzV58GrIrSP0g+0vQlitTjiaKXdPOR/BSgbv2xl41zGxjju+UqYwKbj7PevxX2s1frQt8Ndwidfc36f13YKwadyDsI3aC4dpDNhWXhHnc1mxlXlHcXxsNB1/p2zGAY31c4Ms73sP/ImdEdhfHY+h70P9jxxTHWC8u8iwt6ZPL6bawVZpPuPECbhZPsVuGyyxv6xS6vF75LCKwS368VCgmsJZ4UiljRg9NFPRZmcgKrxOyysJz4nupXTcp6YZx3/TVxLszjWuG42y/6S2Z8XjiSdAkP7Oi0MJZ2gjsmPikcdvXXxC1ueCwsB76nacWg/C4sJC5ptabFV2FP4o7uuN5nodAj/DzEqrAv8xbuDPr7wkzqklZrmu0LX2V9r50KX3eFPXmfM0e2VxUKXtL9mio9lruk1ZqOq8Lc9xStyrVKJF/D6iIm6iPwPUSrgg+VSv2gOTDpExS++J6hZS/qEf8H4TdFT1AIAAAAAAAAAAAAAAAAAAAAAAAAAAAAAAAAAAAAAAAAAAAAAAAAAAAAAAAAAAAAAACeQ+R7gJZFT1D45nuElr2paeh7hlaFU5Ua30O0yqRq43wP0Sq3UdvA9xCtCrYqEX6GidJr30O0aq2VLiQ/akxRFWaS19RlVeHM+h6jRXZWFeq53Hd+ONe7wpHc90Uw2hfGctfUxvtCvZD6NDULfSicSX2autlnodRD3B/hoTCReRNt8l2olxL31C31sVD7nqYV+rRwJW9P7eqsUBfS9tQV+rwwXsv6dgvXca1QlxPfQ/2qSanrhbKu4tclPCvUGzmJdqObCvVQSqId6uZCKYlngeeFMhb1dEUvCvVq0vWXRjhZ6VuFulx3+9Xv1qW+Xajjosubaou4HnRRWG2q6uoxOrW6zGkorH5M2S7+JDZ22RTTWKiThetao3GLpLGluVDr2cIG3XmshoFdzK6UXCusHjmjue3ESRpn56OLB8wdhbuDzIrcBc486mGGpppuXWTXju/nwp1ku0mnb9Hj/ctGFL1N0822+fKd+AN6qBkThc8pzAAAAABJRU5ErkJggg==
large red circle	large	red	circle	data:image/png;base64,iVBORw0KGgoAAAANSUhEUgAAAOEAAADhCAMAAAAJbSJIAAAAgVBMVEXdLkT////dLELbFDPcGzfcJj7bEDHdKkHcIzzcIDrbGzfyub/99fbbEzL87vD76uz1yM32ztLlbXriVWX64eTeM0njX23xtLrneYXvqbDbBi3zv8XmdID32Nv0xcrvp67slZ7phpDhR1rgP1PtnqbfN03kZ3Xof4rhT2Drj5nrlp6vzBxkAAAIBUlEQVR4nO2d2XqiMBSAIQsBRUQBFbeqnart+z/ghLqzBghCDv0v5mJuyv8lOTk5iYmmQ0dr+wMa589QFrY/cVfD+YXhyt349pv+csOG9tgNd+tzYCyNESYP8Ij/T3Be70J33LBqc4bOJtzPAu5lUYa0NBCjFncNZqePjdPYdzRj6Gz3XoCJSdPVYqLUHODA22+bsWzAcPJz4HIZ7ZapyUyCP3cT+Z8j2dAZLtjIYqXkHjBrZK6HkptSpqG9mmpYqGPmQAk7SpWUZzhZaKSu3i+IErSQ110lGTofgWHK0LtKmkbwIakhpRj6J4vI07tKDqzTRsbHSTCcTC1Tst4FkxzdDhi6B0Ib8Yug5LBt2dD1jKpTgxjMONd0rGU4mTXsd3Gc1QqsNQzH0wb75zOUHMctGNq75Xv8fh2X35VXIFUNh8HgbX4Rg2D4VsPxFMue/4pAuGJXrWQY0mYmwHxM+vEmw/H57Q14AeFzhWYsbzhk74swcSidN25oL6RnoGVAeF02qJY09DWrRb8IS/ObNJyT5nOYIhgu11NLGe5bCjGvILxvyND23jvJZzPwSgxGcUM/aGMSTMcMxAejsKHL2h+CDxgTXhuLGnYhxjyDhOONoGHYiRjzAhbM4cQM/xlt+6Rg/JNnuOuiIFfcyTL8xm27ZIC/5RjuuirIFQVasdiwk2PwhsBYLDT86LIgVyyMqEWG8+520QuF82KBodu9eTAGwgXZTb6hX3Intw0Qy89Rcw3toFupWjosyF1p5Bp63VlN5GF6VQ33XVkPFjHYVzPsfBh9kBdQsw39Votq5UAkO9pkGtqaClHmRk60yTRctF02LIe1KGs4JG1/c0lI1t5UhuFYysmYd4JYxp5GhuG5vb2JqtBzGcNQnYniAQ7FDdXroxGIpvbTVMOjGtlaHHMqajhUsY9G4LR4mmJoByr20QiUNu+nGO5USbiTDFIqU0nD8bLt76zBMhlskoZT9abCBzQZbBKGE9XStVdI4gxcwnCmchPyRpwVGbrdLo8WY8RLb3HDs0qrwjRYPD2NGW5Vb8JkI8YMD6o3IW/EQ56hq3YgvRALp6+GR7UD6QV6zDb01arNZGH5mYYnNVdNccxTlqEDowl5IzoZhh8Q4kzEIMwwVHZdGId9phtO1J/tbxibVMMFjDgTYS7SDG0NSifVuImdYqhcHT8PskoxVHptH+dprX83dBCcThp1UydhCKqTPpdO74ZrSJ2Ud9NFwlDJrYpsEIsbTkZtf5NkjEnMcAcl675h/cQMP9UvX7xyz02vho6q203ZYOfFcAtrrogg2xfDPZys+4a5fzH0oA1DPhC9Z0MHzOL3AQqcJ8MNvEDDQ83myTCEF2h4qAmfDIGUEV+5hpqLoeKbhulctxJ/DdU9fZEH+rLvhmM4VbZnRuO7oQsxlPJg6t4NQYbSWzDVQC6dLlwWUL+GwCoYN+j6bqj88YR0LpnpryHIySLKTO+GMCcLTTNuhrbKZ/XyWNpXQx9sG/pXQ3CVxBujzdUQaEpzTWoiwxXMlOa6xxYZAtuUefD7S6HIcA7WcP5nqDp/hurzZ6g+d0P48yH8nAZ+XroBv7aAvz6Ev8aHX6fpQa0Nfr0Uas170aN9C/h7T0CTGjx57AHDTGqe9oDh7+PDP4vRg/M0IIPp4PlMFPxzbfDPJsI/XwrxjLD1/WII/5w3/LP6AH9vcbs8oj+/mQF3WiHxuyddgVufy5D87Rq0SoaZ/P2hshftpYNXCUP4vwOG/1tuWLuIqb/Hh3+nAvx7MXpwtwmcDZqs+2l6cMcQ/HuioBQVs+/66sF9bUDu3Hu9h/bVUPELaC/k3psI/+7LHtxfqv6hBRZ/OKh/9wirvpVYfBe06uFU4D5vtdf6KQ9A9PFefZXfRiBCbyMofDKDfYm9b6Fu6VT0jZIevDPTg7eC4L/3pOueepMizXjJsrfvrqlX4y/7dl4P3j/swRuW8N8h7cFbsro67wGTfY5FniH8N511+0uFaFPnXW7dZ91XZHXeVo9+idH1gIpwojJTyrD7ATUvjAoZ6mG3C6hG+oKijKH+r8uKxr/C7y821Hfd7ag4pfJUwVD/7qoi/hb4ehFDfdfNjmoItKCgYTfHosAYFDfUw87Niwh/iH26oCGfF7uV3aDCebCsoT7pVALHWHybsL6h7gfdWWmYQX4uWs1Qt72urBeJl7uaqGzIl8SdiDcI78t8dClDfU7aH4yMiMaYKoZ8MLZdZLRKDMEqhrq9aLUEh/CixBCsZKjrQ9bengalWZVtmYb62Bu104wIexl7E5INeQ7H2pgaTVq42pVmqI+nb0/iGD5WaMDKhnw0Bu/dnBp8lR+B9Qx1+2f5vq5Kl7uyIbS+Ie+qa/KeqErJtFoHrWvI1xszo3lHZswKKqINGnJHz2g25DDjLLxOasRQ191Dg32VkkNNPwmGvB2nVjMxxyTH2n5SDHk+frKkLzrYwDyVzLHTkWKo6074aZjycjlkGl+hU/xnRZBkyNksAiLlFA6iRDvVCp8vyDPkScBwGuCaLYko1qarytN7CjINOc5woRlW1THJLIOuh5J65w3JhhGTnwMmZsk7GhCzCPncyeucdxow5Djbby/AA1NoXCJqEhx4+63kxrvSjGGEs5nvZ18jTCya0Z6IUYvg0dfsFG6asYtozvAXe+yGP2svMJYGdyUDEsH/xSP+P4G3/gknY5lhJYWGDe/Y/sZdDecXhit34zcsduddhu3xZ6g+/wHIXXqVaRAfzAAAAABJRU5ErkJggg==
large green triangle	large	green	triangle	data:image/png;base64,iVBORw0KGgoAAAANSUhEUgAAAOEAAADhCAMAAAAJbSJIAAAAk1BMVEX///8AgAAAewCHtIcAfQAAfgAAeQAAgQAAgwD5/fnz+vP9//0AhADq9eoAhgD6/vrk8uSXx5fT59PP5s/D38Os06y12LWRxJGhzaGCvIIQiRBEmkTi8OLZ69lNn02Jv4lfqF8ejR51tnVor2i+3b4vky9AmkA3ljd0sHRZo1lur25VpVUzljOFvoXA38Cv1a8AcQCiiLa5AAAGaklEQVR4nO2dCXbiMAxAm4wDBQoFulOgZQa6TDvL/U83YdLQJjiOF8mS8/xPID2D5fclOycnkUgkEolEIpFIJBJhyHxEHQEyo7Nb6hCQmfVOh9QxoLISSfpCHQQqryJJ0hV1FIhse0mSiHvqMBCZZHmGSe+aOg40HvZLmCTZYkAdCRLL5IP0hjoUJB5FmWJ/SR0LCpdpcljEH9TBYDDYZYcMk94FdTgIzHqfCSZiRx0OPOMvK7hfxCvqgMD5kVYyTM7G1BEBcymqCSbpHXVIwNzXM0yybh1Pr3r1BBPxRh0UJMPTowTzzWZLHRYg31NJhtnmnDouMFZHf8Jis5lRBwbGWp5hcjaljgyIa9lv9P8i/qQODYbhJmvIMBHdOJ4+NC1hnuEzdXAQTJsT7Mjx9LFhm/lPtgnfnh4dSGubzQN1gK4MntUZJqehC41b1b9wj3ikDtGN8aQlwfx3ekkdpBPSA2ltEYMWGhctf8JiEUPutzUdSCtki3CFxh+dBEMWGooDaY05daiWKA6kVULtty3bUzv8TsPstz3qLmG+2exC7Le1HEhrixhgv23wZJJhtgjveHprkmC+2QQnNIYL3UpRrmJoQkPjQFpbxMCExspwBXPSsITGm9m/cE9YQuPaPMGwhMZwZ/4jzTkLp992Y7rNFIQjNKZnVgnmKYYiNAwOpLUM36lD18PoQFolDKExOG7Za5NtQhAaV/YJhiE0xqYH0ip9/kLjznabKRBr6gTaWDnll5Nyn9CwOJDWFvGdt9CwOpDWFpH1hMbw3T3DbMF5QmPmnmC+iN+p02hm2t5L04Kv0KjPkFoinqgTaeLCqdZ/If1DnYqckcOBtEq24yk0nA6kVXgKjbF2L02DCUcF/gtmmykQDK+crPqACbIUGm+QS7hX4NxuRG8B/4RFiswUuFkvTQduQqN1uMscXkLDUV3IOeWkwI17aTpwunJi0UvTIf1NndgBZ3Uhh4/QAFAXDSkyUeDDtjFga7hUjBnGNlPAQ2hAqQs5HIQGkLqQw0GBg6kLOfQzfXDqQo4gFxqA6kIO9Uyf5dSFAdQKHFRdyKF9Q8NgDNge0kuK1lMXRhkSToFfYv8JP1IkU+Dw6kIOnQJHUBdyqCoGqORWQ6TAUdSFnPSRIsGGhxKQUqRQ4EjqQo649/+GxtZnghQKHE9dyPEvNBDVhZz0l98EpxNvlaKk71eBe6wUJX4rhtYNZvAUPc70jbRuMEMjnvwpcM0bzND4mwIf7mgy9FcxtG8wQ+NLgS9lj6/5IfMzBY4qudX4aZo6XBhxx4cCd7kw4o54xhcaV3S/0T34U+Ae1YWUbIKtwO+On+n0C7YCd74w4g6yAlc+vuYpwzXmTJ9ndSEHU4H7Vhdysh3e8dS7upCDNwWOMp9nA9o7fQTqQg5WxbigTuwTnCnwkVfJrUasMYQG2nyeDRgPoVCpCzkYQsPyrQss4KfArd+6QANagf/ktYTwCvySOqFjBKgCHzCqFCXiHlJoEEluNZAKXP+ZTp9Avuz6QK0u5MBVjBWd5G4BSoETSm41UE9n/ea4zRQIEAVOK7nVwChwb/N5NkAocDbqQs7EvWKQS2417k3TOewldARcFTgDya1GvLkpcFbqQo7bQyg8JLcatynwGe9tpsBlCnzM9kBaoW/fNGUjudXYf9yMkeRuwVKBc5LcasTabgq88ZN3/LBT4PhXC+Gwewv8JoRKUdKzaJpOw6gUJRZfa2erLuSYN00ZSm41mWHFOCeZ5HZB3Js1TSXfYOaO2ecwjb8wwoBsYlIxmEpuNSYKnHCS2wWDe0OBVYoSfQVOOsntgm7T9NzTJXR4dO8NBVgpSnpaTdMh6qtIyJzqKHDHp/9p0akYfNuherQ3TdlLbjXitS3Bbci/0T1tN03PA5Dcato+h3kbbqUo6SmbpoFI7hZUFeMl9H/hnvSlOcE5dXAwKD6H+Rr6NlPQfNN0G/42U9BrGrNhOZ9nQ7aRd747UClK5BWjG5XiA2nTtBOVokTWNJ135U9YILlpGkw7VI/j53mvu7PNFNQrxqgzlaIkW1Q730EMzphRHbPpVKUoqVSMTlWKkq8VY97FBPMUPysG40luFz6/UNe5SlFSVozzzlWKA4vCSjF5RwCD4m2CTlaKA9OuVoqSfcVY/U27zN/5yfJq9q2z3MxuOX5IMRKJRCKRSCQSiUQY8g8THYwQxJwAowAAAABJRU5ErkJggg==
small red square	small	red	square	data:image/png;base64,iVBORw0KGgoAAAANSUhEUgAAAOEAAADhCAMAAAAJbSJIAAAAilBMVEX+AAD2AAD8AAjWkZP1AADemZnyAADurbT8AwPno6L5AwX9AAf5BAD6AAjdmpzVkpbzt7zrsLTtAADZkIvZkIfd+/7+2ub719f60dj6zMz8wMD8vs/tqanmoqHdl53fmJz3trH0tcH6rrfh4ub5qKTbhX3tp53bj5HtnZzbjJD4ARH0AxPYjpblxs41BTSdAAADR0lEQVR4nO3dbW/aMBiFYdu4rrGdAil7h0LbMUbW/f+/N4dAodPKyzTUncfn+hJVCiR3nJiqRI169/7Dx0+fvwyz0Wg06U/709ZN66pzlw0Gg965Bq272dUh6+1Mj+n3+5Pr40aj4b758H7+8Ki+1pnbZ611VtsdnXT+Wf+V9mX2CG3dkTXcaV6uV7s2baG+uRCSCkopH2P0Zs2bKrSLTuyYc21eF/3r2tXWmzoqnCB61dq8t1XWaTtWExcboxqzTthWVJ3nd/c+pXTKNl7YHqBDO/7blg4esM1B2y3MbhG7FbqF93nrplJV4+0yj2GOztnqdZs9PbDG/2W3v1HpsZrWunG++uPR7y6l1Nkuz3fgMk2bLZ19fpzA+VAle6u+2xTsNvsfO3oZXpRTKazH0EWjEs4peDqffIi6p/rOGBVkFqpgWAiNhfjKKcyfFpGFmHZnqfRC+WN4Yz0LQZVTeGW9UVp8YXjrvbmEl2P41ntzCSzEx+sQHwvxFVbImQYSC/EVVsiZBhIL8RVWyJkGEgvxFVbImQbSXmEl+6/6Mx291Hui9gvjW+/OBWwLezbXCS/0wsdwIP4sZSGu5+tQy72DdltoAgsxsRAfC/GxEB8L8bEQHwvxsRAfC/GxEB8L8bEQHwvxlVM40FF+YZL93RMLcZXzDenAGumF2gg/S2faC/+0KOLOPRaC4h20+FiIr7BCzjSQWIivsELONJBYiK+wQs40kFiIj9chPhbiK6yQMw0kFuIrrJAzDaRy/mP5zfosZSGivcJKduHMGumFmoWonp8zY6U/70n+E61YiIuF+FiIj4X4WIiPhfhYiI+F+FiIj4X4WIiPhfhYiI+F+FiIj4X4yimciC+8diHKvnOPhbj2CoXfX8pCXCzEx0J8LMTHQnwsxMdCfCzEx0J8LMTHQnwsxMdCfCzEx0J85RSOrBf+DenI+eiFF0bhYzh00s9SFuLaL5Q90+RCw0JMLMTHQny7wpQLZd5B67vC2lXKOS9P7VMVbE/NXZurkjz5dzUT06obwyDwEY/5Mkwh2bG6r+vGV0GgptI/Gvek5nWeZvKIGnFCTE2wK/VQO62tlsdabZ12C/W4GC/Ht+OePMvV+Gm1+PkLM1yKzVSza6MAAAAASUVORK5CYII=
medium blue triangle	medium	blue	triangle	data:image/jpeg;base64,/9j/4AAQSkZJRgABAQAAAQABAAD/2wCEAAkGBw8NDw0NDQ8PDQ0NDQ0NDQ0NDRAODg0NFREWGBURFRUYHiggGBoxGxUVLT0hJSorLjo6FyszODMsNygtLisBCgoKDg0OFRAQGy0fIB8tKystKzEtLSstKysrLS0tNjItKy0rLS0rLSsrKy0rKy0rLS03LS4tLS0rLS0tMy0tLf/AABEIAOUA3AMBEQACEQEDEQH/xAAcAAEAAQUBAQAAAAAAAAAAAAAAAQIDBAUHBgj/xAA5EAACAgEBAwgHCAIDAQAAAAAAAQIDBBEFBmEHEhMUITFRgSIyQWKRktEWI0JDUnGDobHBFUSigv/EABsBAQADAQEBAQAAAAAAAAAAAAABAgMEBgUH/8QAMBEBAAICAAQDBQgDAQAAAAAAAAECAxEEBRITITFBFGFxkeEGQoGhscHR8CIyUUP/2gAMAwEAAhEDEQA/AO4gAAAAAAAAAAAAAAAAAAAAAAAAAAAAAAAAAAAAAAAAAAAIAANQI1AkABIAAAAAAAAAAAAAAAAAAAAAAABAENkiNQI1J0Go0Go0J1IE6kCQJAAAAAAAAAAAAAAAAAAAABAFLZIpbJ0KJTLRCGPlZkKYWW2yUK6oSssm+6MIrVt+SNKYrXtFaxuZ8IJnTUbo70U7Vxlk0pw0nOuyqTTlXJPsT08YtPzOvj+X34PL27+PhuJ/7/Z8FaXi0bb1TOHSy4pFdCpMhKpMgSQJAAAAAAAAAAAAAAAAAAEMCGSKJMmBalIvEIY112hpWu0OWcsW8zhRHZ9UtJ5Gk79H2xoT7I+cl8IvxPVfZ7gOrJOe0eFfCPj9I/Vjlt4aeJ5Nt5v+MzErJaYuTzar9e6D19Czybfk2fc5zwHteD/GP8q+MfvH4/rpljt0y+g6MjU/PLU062XCZlMJXoyKTAuJlUq0VEgAAAAAAAAAAAAAAAAACGBQ2WgWZyLxCGNbYaVqho9tbShRXZbZLmwrhKcn4RS1Z3cNgnJeK185VmdPnPbm055uRdk2d9stUv0wXZGPkkj9H4bBXBirjr6OO07nbBOhDtPJfvO8nH6vbLW/FUYat9tlPdGX7+x/svE8VzvgO1l7lY/xt+U/3xdOO2406NRdqebtVszK5mMwlfgzOYFxFUqkQJAAAAAAAAAAAAAAAAAKWSLU2WhDGtma1ga7Lv0TOnHTasuR8q+3m1DBrfbPSy7T9Cfox82tfJeJ67kXB+M5renhDDLb0czPTsADY7v7Wng5NWRD8L0nH9db9aPw/tI5uL4avEYrY59fL3StWdTt9CbI2jG6uFkJc6FkYyjJe2LXYfnnEYJpaa2jxh1xO28osOG1VmZXIxmEsiLM5SrRUSAAAAAAAAAAAAAAAAhgUSZaBYskXiEMLIsN6Qh5neDacMeqy2b0hXFyl46L2LifT4TBbJeta+cqWnT592nmzybrb7PXtm5PgvZH9ktF5H6FhxVxY60r5Q5Jnc7YxqgAAdF5Lt4Oa3g2S/VPH1fnKH+X8TznO+C3Her8J/af2+TbFb0ddw79dDx+SjohtaZnLaEsqDMphK8iiVSIAAAAAAAAAAAAAAAClki3NloGLdI1rCGqzrtEzrxV2rLjvKltvnSjhQfhZdp/5j/v4HseR8JqJzT8I/f+Pm58tvRz09ExAAAC7i5E6ZwtrfNnXJTi17GmUvSt6zW3lKYnTvW6W2o5lFV0eznLScdfUsXrR+J4Hj+FnBktSf7DqrbcPXY1h8i9WjYVSOe0JZEWZylWiokAAAAAAAAAAAAAEMClsmBZskaRCGBkzN6Qh5TefasMam26b9GuLk+3tb9kVxb0XmfW4Lh7Zb1pX1Z2nUOAZ2VO+2y6x6zsm5y8/YuB+gYsdcdIpXyhyzO1g0QAAAAD1nJ3t3qmSqZvSnIaj290Lfwvz7vh4HyOb8J3sXXHnX9P74tMdtS7lgX6pHhstNOmG4omcVoWZkGYzCV1MqlKIEgAAAAAAAAAAABSwKJMtAxrZGtYQ1OfdomdeKu1ZcY5Udt9JZHDg/RhpZdo++bXox+Hb5rwPack4TprOafXwhzZbejwJ6BkAAAAAAA7Xyebw9cx4qb+/p0rt8Zdnoz80vimeI5vwXYyzMf6z4x/H4OnHbcOg4tmuh569W0NjVI57QlkRZnKVaKiQAAAAAAAAAABDApbJFqyReIQwsiZvSEPI717Xji0W3T7q4tpa+tLujHzeh9fgOGnNkrSPVnadQ+fsrIldZO2x86dkpTk+LZ+g46RSsVr5Q5Zna0XQAAAAAAA3G6m2ngZMLu3o5ehdFe2tvtf7rv8ji47hY4nDNPXzj4rVtqX0HsvKU4xlFqSkk009U0+5o/Pc+OazMS64lu6JnDaFmZBmUwlcTKJVIgSAAAAAAAAAAQwLcmWgY9sjSsIarOu0TOvFXcqy4lyo7c6a5YcH6FLU7fB2tdi8k//AFwPb8k4Toxzlnzny+H1c2S2508KfeZAAAAAAAAADqnJVvDz4PCsl6dK51Lf4qdfV8m/g+B5TnvBdNu9Xynz+P1b4rejrGJbroeTyVdENjVI5rQlkRZnKVaKiQAAAAAAAABgUskWpsvCGFkTNqQh47fHbUcPHuvl2uEdIR/VY+yMfifZ5dws58taR6/ozvbUPn6+6VkpWTblOcnOUn3uTerZ+g1rFYiseUORQWAAAAAAAAABlbMzp4t1WRU9J1TUl4Ne2L4NarzMs2GubHbHbylMTqdvobdva0Mqmq+t6wsipLxi/bF8U9V5H51xnDWw5LUt5w66zuHpqJnzLQuy4MymErqKJVIgSAAAAAAABDAoky0DHtkaVhDV592iZ1Yq7lWXDOVDbnWMhYsHrXjvWendK5r/AEv8s91yThO3i7s+dvL4fVzZLbnTxJ9xkAAAAAAAAAAAD3nJZvB0F3UrH93e+dS2/Vu/T5r+1xPgc84LuY+9Xzr5/D6NcVtTp27Du1SPD5KumGzqkc1oWZEWZylWiokAAAAAAAClki1NloQxMiehtSB4vfbbiwsa27sckubXF/isfqr/AH5H2uW8JOfLWnz+DK9tQ+frbHOUpyblKTcpSfe5N6tn6DWIrERHo5FJYAAAAAAAAAAABVXNxalFuMotSjJPRpruaImImNSO/bh7wrOxq7G10sfu74r2WJdr08H3+Z+f804KeHzTX084+DrpbcPbUTPiXhozIMxlK4iiVSIEgAAAABDAobLQLFki8QhrM+7RM6sVdyrLg3KbtzrWV1eD1qxm4vR9krvxPy7vie95LwnZw9yfO36fXz+TlyW3OnjT7TMAAAAAAAAAAAAAB6TcLb//AB+XFzemPfpXd4R7fRn5N/Bs+ZzTg/acM6/2r4x/H4r0tqX0Jg36pH55lpqXXDa1SOW0LMiLM5SrRUSAAAAAFLJFubLQMTInoa0hDw+/u3lhYttqa6R/d0rxtl3fDtfkfd5VwffzVr6ec/D++DK9tQ4BKTbbbbbbbberbftZ+gRERGociCQAAAAAAAAAAAAAAA7RyV7ydZo6tbLW/GSj2vtnT3Rl5d3w8TxXPOB7WTuVjwt+U/3xdOK2406bjWanmLw2ZkGYzCV1FEqkQJAAAIYFLJFmyRpEIavPu0TOnFXcolwHlJ251vLdUHrTiuUFp3St/HL+tPLifoHJuE7ODqnzt4/h6fy5Mlty8ifYZgAAAAAAAAAAAAAAADY7vbWngZNWTX28yWk46+vW/Wj8P70Obi+GrxGK2O3r+UrVnU7fSGxc+F9ddtcudXZCM4S8Ytdh+bcThtjvNbR4w7InbeVSOG0LMiLM5SrRUSAAAQwLcmWgYt89DWsIeD5RN4OpYtk4vS2z7qnx6Rp+l5LV+XE+/wAo4P2jNET5R4z8PqyyW1DgLeva+89+5AkAAAAAAAAAAAAAAAAADp3JDvHzZPZ1r7HzrMZt+3vnX/l/E8v9oOB3HtFfhP7T+3yb4rejs+NZqkeLvV0QzYMwlK6iqVRAAAKZEi1NloQ12bPRM6cceKJfPHKNtzrubOMHrTjc6mvwlPX05/FaftFH6JyfhOxw8TPnbxn9v773JktuXlT6zMAAAAAAAAAAAAAAAAAAF3EyZ02V3VScbKpxnCS9kk9UUyUrkrNLeMT4JidPpHc3bcNoYtOTDROS0sgnr0dq9aPx/po/NeY8Jbhs1sc+nl74dlLbjb1NbPl2XX0ZylWQAACmRMCxYXhDw3Kft7/j8KcoPS+/WijxUmvSn5L+2j7vJOD9p4iIn/WvjP8AH4/yyyW1D54P0VyAAAAAAAAAAAAAAAAAAAAAPc8k28nUsxY1stMfMcYdr7K7+6EuCeuj/deB8Hn3A9/B3Kx/lTx+Mev8x9WuK2p0+g6j89s62TEzlK4ioAAKJEwLNheEPA777ira10LrcuyqNVfR10wqjKMe3WUtW+1t/wCF4HoOWc39jxzStImZnczv6ejK+PqnzeSv5Jqo92XY/wCGP1Pr1+0d5+5HzZ9n3tfdybQj/wBmb/ij9Torz20/cj5o7TCt3EjH8+b/AI19TevN5n7v5o7bDs3PS/Nl8i+prHM5n7qOhYluul+ZL5UaRzD3I6Fp7t++/lRb273HSj7O++/lRPtvuOlH2e99/KifbfcdJ9nvffyoe2+46T7O++/lQ9t9x0n2e99/Kh7b7jpPs977+VD233HSn7O++/lRHtvuOlK3c99/Kh7d7jpVx3Z1/Ml8qKzx/uOhehukn+bL5F9Sk8ymPRPQyqtyIy/Okv8A4X1Mrc2mPu/mnts6nk7hL/sTX8cfqYW53aPux809tn0cllcu/KsX8Ufqc9vtDePuR809r3s6rkepl35tq/hh9TC32myR/wCcfP6J7Mf9dW2VROqmqqyx3zrhGErpR5srGlpzmte88nnvW97WrHTE+n/G8eTYROeVl1FQAAUyJgWZovCGLdE1rKGuyKzppZDVZNB1Uuq1WRjHXTIjTXXYfA6K5VdMSeFwNoyo0svB4F4zGlLwOBPeNI6hwJ7xo6hwHeNHUOBHeNHUOA7xo6hwJ7xpPUOBHeNJWDwHeNLkMHgUnKaZNWHwM7ZU6Z+PimF8idNnjUHLe6zbY1RyXslsqInLaVmbWjGUsiJnKVxFQAAUyJFuSLQLFkS8Shh3Vm1bIYV1JvWyGDbjG9ciNMSzENoyI0sywuBeMqNLbwuBbumkdR4DumjqPAd00dR4DumjqPAd00dR4DumjqPAd00dR4DumkrC4DumlUcLgROU0uww+BScqdMmrFM7ZDTNpoMLXSzqajC1lmZVAxtKWTBGUi6iiVwgAAEMChosLcololCzOBeJGPOo0iyGPOg0i4tSxi8XQtvFJ7hpHVSe4aR1Udw0dVJ7ho6qR3DR1Udw0dVHcNHVSe4aOqkdw0nqo7hpKxR3DSpYxXuGl2OOVm4vwpKTZK/CszmyV+ETOZF6KKSlWiBUQAACGBDRIpaJFEok7QolAtsW3WW6hS6ieoU9CT1B0I6kHQjqDoR1B0I6g6EdQdCOoOhHUHQjqDoR1B0I6kpVJHUKlUR1CtVkbFcYFdi4oldpVJECogSAAAAIAaARoTsRzRsRzCdiOjGxHRk7DoxtB0Y2HRjYdGNh0Y2HRjYdGNh0Y2HRjYdGNiejG0nMI2J5g2J5pGxOgE6ECQAAAAAAAAAAAAAAAAAAAAAAAAAAAAAAAAAAAP/Z
medium red circle	medium	red	circle	data:image/jpeg;base64,/9j/4AAQSkZJRgABAQAAAQABAAD/2wCEAAkGBw0NDw8NDQ8ODw0PDxANDw8PDRAQDw0QFREiFxURExcYHSghGBolHhMWIT0hJSkrMS4uFx8zOD8sNygtLisBCgoKDg0OGxAQGi0lICUuLS0rLS8tLS0tKysrKy0rKy0tLi0tKy0tKystLS0rKystLS0tKy0tLy0tLy0tLS0tLf/AABEIAOEA4QMBEQACEQEDEQH/xAAcAAEAAgIDAQAAAAAAAAAAAAAAAQcEBgIFCAP/xABEEAACAgEBBAYECggEBwAAAAAAAQIDBBEFByExBhJBUWFxEyIygRRCUnKCkaGxwcIjMzRDYpKisiREU9I1VHN0k6Oz/8QAGwEBAAIDAQEAAAAAAAAAAAAAAAEEAwUGAgf/xAA3EQEAAQICBggFBAEFAQAAAAAAAQIDBBEFEiExQVEGEzJhcaGx0SKBkcHhFDNC8FIWNENykhX/2gAMAwEAAhEDEQA/ALxAAAAAAAAAAOF10K4uc5RhFcXKTUYpeLZGaaaZqnKIartXeJsnG1Sud8l8XHj6TX6XCP2mGrEW445tpY0LjLv8dWO/Z+Wr52956tY2Hw7JXXcffGK/MYpxXKG1tdGp/wCS59IdJkb09qz9n4NX8ylt/wBUmY5xNfcu0dHsJG+ap+ftDBs3h7al/m+r4RooS/tPPX3OaxGhMFH8POfdxjvB20v85J+dFH+wdfc5p/8AiYL/AA8592Zj7ztrw9qdFnz6Ev7WiYxFxgq6P4Od2cfP3zdvhb3chafCMSqfe6rZ1+9KSl95kjFTxhUudGqJ7FyY8Yz9my7M3obLu4W+mxpcv0lfWh/NDX7UjLTiaJ37Gsv6AxdvbTlV4flt2DtHHyY+kx7q7ofKrnGaXg9ORniqKtsNRds3LU6tdMxPeyiWMAAAAAAAAAAAAAAAAAAGHtPaePh1u7JthVWu2b01fdFc2/BHmqqKYzlls2Ll6rUt05yrXpDvXb1r2dVouXp71xfjGH4t+4q14r/GHS4To5/LEVfKPvKu9qbXy8yXXyr7bnrqlOT6sfmx5R9yKtVVVXal0djC2bEZWqYj+897CIWAAAAAAAAD64uTbTNWU2TqsXKdc5QkvehGyc4Y7lqi5Tq1xEx3t56P70c2jSGZFZVfLrrSFyXmuEvel5lijE1R2trRYvo9ZubbM6s8t8e8LQ6PdJ8LaUdca1OaWsqp+rbDzj2rxWqLdFymvc5bFYG/hZyuU/PhLuDIqJAAAAAAAAAAAAAAA0TplvFowutRidXIylrFvXWmmS7JNe1L+Fe9or3cRFOyN7eaO0JcxGVd34afOfD3VBtbauTm2O7KtnbY+Tk/Viu6MVwivBFGqqapzl2OHw1rD0aluMo/u9hELAAAAAAAAAAAAAHOi6dco2VylCcXrGcJOMovvTXFCNm15roprjVqjOFndD957TjRtPivZjlRjxX/AFYr+5e9dpat4nhX9XLaQ0Bvrw3/AJ9vZaVN0LIxnCUZQklKMoyUoyT5NNc0XInNy1VM0zlMbX0JQAAAAAAAAAAHGc1FNtpJLVtvRJd7BEZ7IVF083iTuc8TZ03GnjGzIjwld3xrfZDx5vwXOjev57KXXaK0JFMRdxEbeFPLx7+5W5WdOAAAAABAAAAAkAAAAAAG09C+mmRsuSg9bcOT1nS3xhrzlU3yfhyfhzMtq7NvZwajSWibeLjWjZXz590+689l7SozKoZGPNWVTWqkvtTXY13GwpqiqM4cNes12a5t3IymGWemIAAAAAAAAhsCm95HTh5UpYOHPTGi3G62L/aWucYv5C+3y50b97W+Gnc7LQ2iYtRF+9HxcI5fn0V6VnRgAAAAAQwAAAAAICQAAAAAAbF0M6V3bKu6y1njTa9NTr7S+XDumvt5PvWS1dmie5rNJaNoxlvlVG6ftPcvzZ2dVk1Qvomp1WRUoSXavwfZp2aGypmJjOHA3bVdquaK4ymGSSxgAAAAAAK13q9L3TF7NxpaWzj/AImafGutrhWu6Uk+PcvPhUxF3L4Y+bpNBaM6yf1FyNkdmOc8/CPVURTdiAAAAAAAAQAAAACAkAAAAAAADdd2vS54Fyxr5f4O6XFvlRY+Cs8Ivk/c+zjnsXdScp3NFprRsYi31tEfHHnHLx5LxTNg4dIAAAAAdL0u2/DZuJZky0c/1dMH+8ta9VeXNvwTMdyvUpzXMBhKsVfi3G7j3Q87ZORZdOdtsnOyyTnOT5yk3q2ayZmZzl9Gt26bdMUUxlEbnzD2AAAAAAAAQAAAACAkAAAAAAAABdO6jpN8Lx3h3S1yMaK6rb42Ua6RfnHhHy6pew9zWjVng4fTuA6i71tEfDV5T+d7fiy0QAAAQwKN3qbf+GZrohLWjE1qWj4St/eS9zXV+i+81+Ir1qsuTudBYPqbHWVdqrb8uHu0swN4AAAAAAAAQAAAAAAAAAkAAAAAAHY9Htr2YGVTlV661yXWiv3lb4Th71r79GeqKppqipVxmGjE2arU8d3dPB6QxMiF1cLa5KVdkI2QkuUoyWqf2m0ic4zh82roqoqmmrfGx9iXkAAdN0u2v8AwsjJ+PGHVr8bZPqw+16+SZju16lMyt4HDfqMRTb5zt8OLzlKTbbbbberberb72ax9JiIiMoQEgAABBKAhKQIAAAAAAAAASBAQjUkSiCEhIAAAXPue2z6fEniTes8WXq683VPjH6mpLy0L2Grzp1eTiekGF6u/F2N1XrG9YBZaAAAVZvr2n+y4UX8rJsWv0Ifn+op4qrdS6no3h9td6fCPWfsqsqOsAAACGBBLyBKdQJISAQEGoyMzUZGZqBISAQ2MkIJQAShKYSQkAAANr3Y7T+C7TpTekMhPGlx4ay4w9/WUV7zLYq1a472n05h+twlU8advv5L8Nk4IAAeft5Od8I2plPXWNUo48fDqR0kv5usa2/Vncl9A0La6vB0d+36/hrJibUAAAIYEEvIAAahIEAAAAAATqE5oCAABKEphJCQAAA+mPfKqcLYcJ1yjZF90ovVP60M8trxcoiumaZ3TGT09iXxtrhbH2bIRsj5SWq+820TnGb5fXTNFU0zw2PqS8obA8w7QyfTXXXf6ttlv803L8TUTOc5vqFijq7VNHKIjyY4ZQAAAhgQS8gAAAAAAAAAAAAAkCEoiUwkJAAAAB6G3fZPpdl4Uvk0qr/xtw/KbKzOduHznSlvUxlyO/P67WwmVQYu1bOpj3z+TTZL6oNkVbpZLNOtcpjnMerzCjURufUUkgAAAAOJLyAAAAAAAAAAAAAAASiEwkJAAAABem6SzrbKrXyLbo/19b8xsMN+39XBaejLG1eEejczO07r+kH7Hl6f8tf8A/Nnmvsyz4X96jxj1eaDUxufTgkAAAABxJeQAACU6DMyQEAAABKQTkhoAEAACUQ9JAAAAAC7tzv8Aw1/9zb90S9hex83DdIP938obyWWjY206vSUXQ+XVZD64NEVRnDJaq1a6Z5TDzAjURufUUkgAAAAOJLyAAJQTBqQlBLyAAAEohIyYJQEAADkiHoAAAAAC9d0tfV2VU/l23S/9jj+U2GG/bcFp2c8bV4R6NyM7ToYHmLamN6DIvp/0rrav5JuP4GpqjKZh9Pw9zrLNNfOInyYxDMAAAADiyUAQAAAAAAAAAAAAAA5EPQAAAAAHojoHjeh2ZhQ001ojY142ev8AmNlZjK3D5xpO5r4u5Pf6bHfmVRAKC3nYPoNqZHD1blDIj9KOkv6oyNbfpyuS77Qd7rMHT3Zx/fk1UxNuAAAACGSiUBAAAAAJQSMCAgAAAABCUuRCQAAAAfXDx5XWV0w9u2yFUfnSl1V94iM9jHduRbomueEZ/R6ex6o1wjXH2YRUI+CS0X3G3jY+X1VTVMzPF9AgArDfXszWvGzYr2JSx7Gl8WXrQb8E4yX0ipiqdkVOm6N4jKuuzPHbHyVOU3XgAAAAAcSXkAAAAAAAAAAAACUQ9JAAAAADcN1ezHkbSrsa9TGjK+Xd1vZgvrlr9EzYenOvwaXT2I6vCzTxq2feV7mxcIAAOr6TbKjnYd+K9NbK2oN8o2LjCXukkeLlGtTMLODxE4e/TdjhPlxebra5QlKE04zjJxlF84yT0aZq30qmqKqYqjdLiHoAAAAEMCCXkAAAAAAAAAAJRCckhIAAAAAF27o9jPGwnkTWlmXL0i4cVVHhWvfrKX0kX8NRlTnzcNp7FdbidSN1Oz58fZvRYaMAAAKU3t9H3jZSzK4/ocrjLTlC9L1l9Jet59YoYm3lVrc/V2ugMZ1tnqap20+n49mhld0AAAAAAACNCc0ZICAAAAAAJ0GacghKQAAAAAAdv0U2JLaOXVirXqSfXtkviVR9t+fYvFo926NeqIUtIYuMLYqucd0ePB6NpqjXGMIJRhGKjGK5RilokjaPnFUzVOc73MIAAADq+kmxq9o4tuLZw661hLTjXYuMZryf1rVdp4uURXTlKzg8TVhr1N2nh5xxh502hhW411mPdHq21ScJrxXau9Pnr3NGsmJicpfR7N6i9bi5RuljkMoAAAAmAAABkBAAAAAATkAAAQAAAAC892PRn4BjemujplZKjOafOqvnCvwfHV+L07C/Yt6tOc75cHprH/qb2rTPw07u+eM+zdCw0wAAAAAGg7z+iDzK/huNHXKpjpOEVq8ipcdEu2S46d61XcVsRa1o1o3t9oXSX6evqrk/DPlPtPFSxRduAAAAJAAAAAAAAAAAAABAAAAWDut6I/CrI7QyI/4aqX6GLXC+2L5/Ni/ra8GWMPa1p1p3Oc05pPqqf09ufinf3R7z6LmL7jQAAAAAAACqd5fQVpz2hgw4PWeTTFcn22wX3r395Tv2f5Uuq0NpfdYvT/1n7T9lXFR1YAABIAAAAAAAAAAAAAIAAG29A+htm07PSWqUMKuXrz5O1r93D8X2eZls2prnuabSulacJTq0ba58u+fsvXFx4VQjVXFQrhFQhGK0jGKWiSRsoiI2Q4WuqquqaqpzmX1DyAAAAAAAAAKw6fbuuu5ZmzYLrvWVuMtEp98qu5/w9vZ3OpesfypdPorTepEWsROzhVy8fdVE4uLcZJpptNNaNNc012MputiYmM4QEgSAAAAAAAAAAAAACADdug3QK7aDjkZKlVhe0uyzJ8Id0f4vq71ntWJr2zuaLSmmaMPE27W2vyj8931XXiYtdEIVVQjCuCUYQitIxXci/EREZQ4muuquqaqpzmX2JeQAAAAAAAAAAAal0w6C4u0tbY/oMvsujHhZw4K2PxvPn9xhu2Ir28W10fpa9hPh7VPLl4Ka2/0dzNnT6mVU4pvSFsfWqs+bL8Ho/AoV26qN7tMJj7OKpztz8uMOqPK7AACQIzAgAAAAAJzAAGTs/AvyrFTj1zttlyjBavTvfcvF8CYiZnKGG9ft2ade5OULX6H7sq6HG/aPVutXGNC40w7uv8t+HLzLlrDZbanJaQ09Vdzt4fZTz4z7eqxlFLl2FpziQAAAAAAAAAAAAAAPjlY1d0JV2whZXJaShOKlGS8UyJiJ2S9UV1UTrUzlKvukO6rHt1swLPg8+forNZ0t+D9qP2lavDRPZ2OhwfSG7b+G/GtHPj+Vc7a6KbRwNXkY81Wtf0sF6SrRdrlH2ffoVarddO+HSYbSeGxHYrjPlOyf74OlPC8AAAAAAAAZ2y9j5eZLq4tFtz10bhB9WL/ilyj72TTTVVuhXv4uzYjO5VEf3lvWB0f3T2S0ntG1Qjz9DQ05PwlN8F7k/Ms0YWf5S57F9I47OHp+c+yytj7GxcGv0WLTCqPb1V6033yk+Mn5lumimmMohzV/E3b9WtcqmZZ56YAAAAAAAAAAAAAAAAAAAQ0B0e1eiGzMvV3YtXXfFzrTqm33uUNG/eY6rNFW+F2xpHFWOxXPhvjzatnbpMOerx8m+pvkpqFsV/a/tMM4WnhLa2ukl+nt0xPl7ulyd0WWv1WVjz+fCyv7usY5wtXCV6jpLantW5jwnP2YM91e1VyliS8rp/jBHn9NX3M8dIsLyq+ke7jHdZtZ9uKvO6X4RH6a53H+osJyq+ke7Lx90me/1mRiwX8Lsm/7UeowtXOGKvpJYjs0TP0j3dxhboKV+0Zlk/CqqNenvk5fce4wscZU7nSW5PYtxHjOfs2XZnQDZONo1jK2S+NfJ2/0v1fsMtNi3HBrL2mMZd315eGxstVUYJRhFRiuCjFJJeSRma2ZmZzlzCAAAAAAAAAAAAAAAAAAAAAAAAAAAAAAAAAAAAAAAAAAAAAAAAAAAAAAAAAAAAAAAAAAAAAAAAAAAAAAD//Z
small green triangle	small	green	triangle	data:image/png;base64,iVBORw0KGgoAAAANSUhEUgAAAOEAAADhCAMAAAAJbSJIAAAAllBMVEX///8AgAAAewCHtIcAfQAAfgAAeQAAgQAAgwD5/fnz+vP9//0AhADq9eoAhgD6/vrW6tbk8uSXx5fD38PP5s+s06y12LWRxJGhzaGCvIK317fi8OLZ69mKv4pfqF86lzoxlDFLoEt2tnZVpVUgjSBpr2lZpFmQv5B0sHQnjydOn04WihbG4cY2ljaFvoV3t3dqq2oAcQBv7Y98AAAGZElEQVR4nO2diVbjOgxAcZ4ToBtdWQstw1JKYYb5/597zYQAbR3HjiVLzvH9Aum4idwr2Tk6ikQikUgkEolEIpEIQ4Zd6giQ6fYuqUNAZpWddKhjQGUuRfJCHQQqz1KIZE4dBSKTTAgh76nDQGSQbjMU2TV1HGjc5ksoRLo5pY4EiRvxSXJLHQoST7JM8fiGOhYUJon4WsQn6mAwOF2nXxmK7I06HATG2XeCQi6pw4Gn/2MF80WcUQcEzlOyk6Ho9akjAuZN7iYokivqkIC5389QpO3ans6y/QSFfKAOCpLOyUGC25fNhDosQF4SRYbp+ow6LjCGBw9h8bIZUwcGxqs6Q9EbUUcGxLnqN/pvET+oQ4Oh85hWZCjklDo4EG6rlnCb4YI6OAhG1Qm2ZHt6V/Ga+Uf6GL49negSbIPQOF3oMxQnoQuNS91TmCPvqEN0oz+oSXD7Ow17e/qrbglDFxrTmoewWMSQ+22H/3sVpJtwhcbMJMGQhYZmQ7rHkDrUhvyuf80UhNpvu6lP7et3Gma/7c50CXOhEWK/rWZDureIF9Th2lO7Id1dxF5429NLmwS3L5tf1AHb0tmYVopyFUMTGgYb0r1FfKcO2Y6h5QpuScISGg92T2FOug5JaJzbJxiW0Ogs7X+kW3rh9NsubF8zBeEIjVGvUYLbFEOZ0LDYkO5luKQO3YyDlr05YQiNUyN1oSZ9DEFoGKqLikUMQGj0bTekuxzzFxp/mr5mCvhPaMyd8hMBCI0GG9K9RVzyFhqNNqR7i8h6QqPz7p5huuE8oTF2T3C7iIyFxqi+l2YEX6GxP0PaEL4KfOpU63+QnFOnoqbrsCHdJV3yFBpOG9JdeAqNvnEvzYABRwVu3EszQTI8cjI/BkyQpdB4gFzCfKaP24noCeBDWKTITIHb9dJMSNe8hEbtcJc9vISGo7pQc8JJgTuqCzWchEaDXpoJjGb6nNWFGvnORWgAqIuKFJkocAh1oYaLAh9jvGYKkj/UyeVAqQs1HIQGkLpQw0FogKkLNfRCA05dqJHkQgNQXaihVuCdNe6PlF6Ba86lQUF7h4bFGHBzSA8pNp66sMqQsGKAq4uKFMmEBry6UEM304egLtRQKXAUdaGGSIGjqAs1CclMX8VFCUgpUihwJHWhRt77v0Pj2meCFBWj46lSlPhX4IjqQk3y22+Co4G3SlFy7FeBWx8YccdvxTA6wQyeokcF3q26UgcVufCnwNHVhRp/U+CdJU2G/o61e1AXanzN9N2oLl/zQ+pnChxVcuvx0zS1OsEMjQ8F7nJgxB35ji80ZnS/0Rx8BQ46n9eAFP2evqvDazr9gq3Ah8T5CXQFrr18zVOGr5gzfZ7VhRpMoeFbXajBFBreJLcePAXuUXLrQbunj0BdqMESGlPqxL6RKEKj+8zhNVMg7zGEBtp8XhMwLkKhUhdqMGb6Gt51gQX8FHjjuy7QgFbgbCpFCXTFeKNO6BDYinFKIrn1yHtIoUEkufVAKnDzazp9AqnAb6nVhRq4ijGnk9w1QClwQsmtB+rqLFLJrUeCXIRCK7n1yAVExWCiLtRAKHA26kLNwL1ikEtuPe5N0yHsIXQEXBU4A8mtRz67KXAWkluPm9DgIbn1uF2EMub9milwuQu8z3ZDusNx86YpO3WhpnnTlJHkrqHhFDgnya1HvjabAq/85B0/mlUM/KOFcDT7uNlFCJWiJGvQNB2FUSlKGnyt/SOcpzDHvmIwlNx6UksFfsZQcuuxbZoqvsHMHbvPYVp/YYQB6cCmYjCV3Hpszg0RTnK7YHFuiK3k1mOuwBlLbj2mTdOzANSFGtNzQwFWipLMqGnaQb0VCZkTEwV+FeZrpsCkacq3HWpGfdOUveTWI5/rEpyE/BvNqft6xBna/Xm+SGu+HnEZbqUoybRN00Akdw26ivES+lOYk7xUJ8jgzA8Ems9hBiO59VRXjOvwXzMFWVXFCEhy60kf1Z3vFlSKEnXFaEel+ETZNG1FpShJPg4TRLqTmwrFSdPgJLce+draSlGyXzG6AUpuPelmt/MdxOCMHcmqtZWiZKditKpSlPysGMM2JrhN8btiMJ7kdkEuWlspSrLP22zOWJ75AWFTWKlVO5/CnOJuglZWii9Gba0UJXnFmP9N2szf6dHNbLxa/ddSVuMZxw8pRiKRSCQSiUQikQhD/gf95I0UGjjRrQAAAABJRU5ErkJggg==
large blue square	large	blue	square	data:image/jpeg;base64,/9j/4AAQSkZJRgABAQAAAQABAAD/2wCEAAkGBwgHBgkNBw0RDQ8KBRYPCBcNCg8NFRAWFR0iIhUdHxMkKDQqGCYlKx8bLTEhMTU3MS4zFzIzODwsNyg5LisBCgoKDQwFGg8PFyslHyU3KzcrKzctNy0rNysrNzc3KzM0Kzc3NDErNyswNysrKysrKy0rKystNysrLSstKysrK//AABEIAHgAeAMBEQACEQEDEQH/xAAXAAEBAQEAAAAAAAAAAAAAAAAABgcF/8QAKxAAAQIDBQgDAQEAAAAAAAAAABESAQMEBQd1wtEGFhc1U1SiowIlQWFR/8QAFwEBAQEBAAAAAAAAAAAAAAAAAAUGBP/EACIRAQAABQQDAQEAAAAAAAAAAAABAgMFERU0UnEENcGhJP/aAAwDAQACEQMRAD8A3EAAAAAAAAAAAAAAAAAAS+1e0tTYtZJlyJfw+cJlK6L3f7GH4UvC8KTyKEZpoxRblcqnieVCWWWEcwcTf6v6Erz1OzSaXKKdr9fhD9N/q/oSvPUaTS5RNfr8Ifpv9X9CV56jSaXKJr9fhD9N/q/oSvPUaTS5RNfr8Ifpv9X9CV56jSaXKJr9fhD9N/q/oSvPUaTS5RNfr8Ifpv8AV/Qleeo0mlyia/X4Q/Tf6v6Erz1Gk0uUTX6/CH6b/V/Qleeo0mlyia/X4Q/Tf6v6Erz1Gk0uUTX6/CH6b/V/Qleeo0mlyia/X4Q/Xb2U2lqbarJ0ufL+HwhLpXQY7/YQ/Tj83wpPHoQmljFRttyqeX5UZZpYQxBUE1aAM7vJ5pS4bmiXrTs5u2Uv/sZevqRKqEAAAAAAAAAAACuu25pVYbmgSrts5e12wexm6+tEILVgGd3k80pcNzRL1p2c3bKX/wBjL19SBVQgAAAAAAAAAAAV923NKrDc0CVdtnL2u2D2M3X1ohBasAzq8rmtLhuaJftOzm7ZW/exl6+pBSqhCgFAKAUAoBQCgFAKAUCvu15rVYbmgSrts5e12w+xm6+tFIDVAGc3mR+1pcMzRL9p2c3bLX72EvX1HKVULAoMCgwKDAoMCgwKDAoMCgwKDAoMLG7OP2tVhmaBKu2zl7XbD7Cbr60YgNSAZvebH7alwzNEv2nZzdsvffYS9fUcpVQxQCgFAKAUAoBQCgFAKBY3ZR+2qsMzQJV22cva5YvYTdfWkEBqADNbz4pa1JhmaJftOym7Zi+ewl6+o1SsiYFBgUGBQYFBgUGBQYFBgUGBQYFBhZXYRW1qvDM0CTdtlL2t2P2E3X1pRAacAzO9KKWvSYXmiX7Rspu2ave/l6Rbisi4HAwOBgcDA4GBwMDgYHAwOBgcDA4GFpdbFbXq8LzQJN32Uva1ZN/N00wgNKAZjepFLXpMKzRNBaNlN2zd630vSJcVkbA4GBwMDgYHAwOBgcDA4GBwMDgYHAwtrq4ra9XhWaBJu+yl7WbLvpumnGfaQAy69eKWxR4VmiaC0bKbtnbzD+6XpDuK6PgcDA4GBwMDgYHAwOBgcDA4GBwMDgYXF1EVtiswrNAkXfZS9rFmh/dN01Ez7RAGV3txS2aPCc0TQ2fZTds/d4f2y9IVxWScDgYHAwOBgcDA4GBwMDgYHAwOBgcDC6ukits1mE5oEm8bKXtWtEP7ZumqGeaAAye9+KW1RYRmiaGz7KbtBu0P7JekG4rpWBwMDgYHAwOBgcDA4GBwMDgYHAwOBheXQRW2q3CM0CReNlL2q2mH9k3TWDPLwBFbdbHVm0loU82lmy5cJVCz5QmOWMVjH8h/Sp4PnSeN48ZZoRjmKd5nhzV68JoRgmuFlq9zI9mh3axS4xcmlVOUDhZavcyPZoNYpcYmlVOUDhZavcyPZoNYpcYmlVOUDhZavcyPZoNYpcYmlVOUDhZavcyPZoNYpcYmlVOUDhZavcyPZoNYpcYmlVOUDhZavcyPZoNYpcYmlVOUDhZavcyPZoNYpcYmlVOUDhZavcyPZoNYpcYmlVOUDhZavcyPZoNYpcYmlVOUDhZavcyPZoNYpcYmlVOUFLsLsdWbN2hUTaqbLmQm0LPjCW5YRWEf2H8OHzvOk8nx4SywjDEXX4fhzUK8ZoxgtSWogAAAAAAAAAAAAAAAAB//2Q==